campaign_id,customer_id,campaign_name,response,revenue_generated,date
CAM00001,CUST1837,Campaign_4,Rejected,149,2026-01-01
CAM00002,CUST0585,Campaign_10,Rejected,149,2026-01-29
CAM00003,CUST1840,Campaign_7,Accepted,149,2025-12-05
CAM00004,CUST1117,Campaign_8,Rejected,249,2025-08-19
CAM00005,CUST1891,Campaign_2,Rejected,0,2026-03-25
CAM00006,CUST1591,Campaign_1,Accepted,149,2025-06-09
CAM00007,CUST0438,Campaign_6,Rejected,149,2025-04-28
CAM00008,CUST1017,Campaign_1,Accepted,0,2025-09-21
CAM00009,CUST1731,Campaign_4,Rejected,249,2025-04-24
CAM00010,CUST1240,Campaign_7,Rejected,0,2025-12-06
CAM00011,CUST0292,Campaign_1,Rejected,149,2026-04-04
CAM00012,CUST0050,Campaign_6,Accepted,199,2025-05-13
CAM00013,CUST1510,Campaign_8,Accepted,199,2025-12-15
CAM00014,CUST0082,Campaign_5,Rejected,0,2026-02-20
CAM00015,CUST1351,Campaign_5,Rejected,149,2025-09-12
CAM00016,CUST1088,Campaign_10,Accepted,199,2025-05-02
CAM00017,CUST0792,Campaign_6,Accepted,0,2026-03-10
CAM00018,CUST0643,Campaign_5,Rejected,249,2025-05-02
CAM00019,CUST0590,Campaign_9,Accepted,0,2025-09-20
CAM00020,CUST1137,Campaign_8,Rejected,249,2025-11-13
CAM00021,CUST1204,Campaign_4,Accepted,149,2026-02-17
CAM00022,CUST1566,Campaign_4,Rejected,199,2025-07-03
CAM00023,CUST1256,Campaign_7,Rejected,0,2025-11-17
CAM00024,CUST1034,Campaign_3,Accepted,149,2025-08-06
CAM00025,CUST0140,Campaign_10,Rejected,149,2025-12-31
CAM00026,CUST1094,Campaign_1,Accepted,249,2026-02-16
CAM00027,CUST0424,Campaign_3,Rejected,149,2026-01-04
CAM00028,CUST0611,Campaign_8,Rejected,199,2025-07-22
CAM00029,CUST0812,Campaign_9,Rejected,249,2025-06-12
CAM00030,CUST1974,Campaign_1,Accepted,0,2025-12-02
CAM00031,CUST0406,Campaign_7,Rejected,149,2025-08-03
CAM00032,CUST1564,Campaign_2,Rejected,149,2025-09-22
CAM00033,CUST1396,Campaign_8,Rejected,0,2025-10-18
CAM00034,CUST0597,Campaign_3,Accepted,149,2025-08-16
CAM00035,CUST0292,Campaign_10,Accepted,149,2025-10-26
CAM00036,CUST1475,Campaign_8,Rejected,249,2026-01-28
CAM00037,CUST1773,Campaign_10,Rejected,249,2025-05-01
CAM00038,CUST0648,Campaign_6,Accepted,199,2025-06-07
CAM00039,CUST0456,Campaign_5,Rejected,149,2025-12-28
CAM00040,CUST0468,Campaign_8,Rejected,149,2026-01-22
CAM00041,CUST1995,Campaign_8,Rejected,199,2026-01-13
CAM00042,CUST1513,Campaign_9,Accepted,149,2025-09-10
CAM00043,CUST0633,Campaign_8,Rejected,249,2025-07-05
CAM00044,CUST0021,Campaign_7,Accepted,199,2026-02-24
CAM00045,CUST0014,Campaign_4,Accepted,0,2026-04-04
CAM00046,CUST1541,Campaign_1,Accepted,199,2025-08-31
CAM00047,CUST1252,Campaign_6,Accepted,199,2026-01-23
CAM00048,CUST1219,Campaign_1,Accepted,199,2025-10-10
CAM00049,CUST0436,Campaign_5,Rejected,149,2025-05-24
CAM00050,CUST0410,Campaign_2,Accepted,249,2025-07-08
CAM00051,CUST1436,Campaign_6,Accepted,0,2025-09-13
CAM00052,CUST0671,Campaign_8,Rejected,199,2025-07-28
CAM00053,CUST1890,Campaign_10,Accepted,199,2025-07-08
CAM00054,CUST1808,Campaign_3,Rejected,149,2025-07-06
CAM00055,CUST1000,Campaign_1,Rejected,199,2026-03-30
CAM00056,CUST0831,Campaign_7,Accepted,149,2025-08-09
CAM00057,CUST0684,Campaign_8,Rejected,149,2025-10-12
CAM00058,CUST1510,Campaign_5,Accepted,249,2026-01-02
CAM00059,CUST0368,Campaign_6,Accepted,0,2026-04-05
CAM00060,CUST0946,Campaign_4,Rejected,199,2025-04-22
CAM00061,CUST1394,Campaign_5,Rejected,199,2025-05-20
CAM00062,CUST1565,Campaign_4,Accepted,199,2025-05-25
CAM00063,CUST0165,Campaign_9,Accepted,0,2025-12-03
CAM00064,CUST1524,Campaign_7,Rejected,0,2025-10-10
CAM00065,CUST0162,Campaign_9,Rejected,249,2025-09-28
CAM00066,CUST0258,Campaign_7,Rejected,0,2026-02-08
CAM00067,CUST0068,Campaign_8,Accepted,0,2026-02-09
CAM00068,CUST1653,Campaign_5,Accepted,149,2025-04-27
CAM00069,CUST0667,Campaign_3,Accepted,149,2025-07-26
CAM00070,CUST1797,Campaign_8,Accepted,199,2025-12-22
CAM00071,CUST0065,Campaign_3,Accepted,249,2026-01-23
CAM00072,CUST0886,Campaign_3,Rejected,0,2026-02-13
CAM00073,CUST1063,Campaign_10,Accepted,199,2025-11-02
CAM00074,CUST1509,Campaign_10,Accepted,199,2025-07-18
CAM00075,CUST0872,Campaign_7,Rejected,149,2025-12-17
CAM00076,CUST0130,Campaign_7,Accepted,149,2025-07-30
CAM00077,CUST1905,Campaign_7,Accepted,249,2026-02-15
CAM00078,CUST0945,Campaign_2,Rejected,0,2025-06-01
CAM00079,CUST0140,Campaign_10,Rejected,0,2025-08-13
CAM00080,CUST1486,Campaign_4,Rejected,199,2026-04-05
CAM00081,CUST0008,Campaign_5,Rejected,149,2025-08-06
CAM00082,CUST1577,Campaign_6,Accepted,0,2025-05-15
CAM00083,CUST0873,Campaign_4,Rejected,149,2025-10-01
CAM00084,CUST1508,Campaign_6,Accepted,249,2026-01-20
CAM00085,CUST0479,Campaign_2,Rejected,199,2026-02-27
CAM00086,CUST1133,Campaign_10,Accepted,0,2025-09-17
CAM00087,CUST1961,Campaign_4,Accepted,249,2026-01-26
CAM00088,CUST1156,Campaign_10,Rejected,0,2026-04-17
CAM00089,CUST1455,Campaign_10,Rejected,249,2026-03-20
CAM00090,CUST0419,Campaign_3,Accepted,0,2026-04-13
CAM00091,CUST1525,Campaign_1,Accepted,0,2026-03-08
CAM00092,CUST1148,Campaign_6,Accepted,0,2026-04-11
CAM00093,CUST1073,Campaign_9,Accepted,0,2025-12-14
CAM00094,CUST1292,Campaign_2,Rejected,0,2025-11-24
CAM00095,CUST1246,Campaign_3,Accepted,249,2026-01-24
CAM00096,CUST0307,Campaign_8,Rejected,199,2025-07-14
CAM00097,CUST0156,Campaign_7,Accepted,0,2026-04-14
CAM00098,CUST0202,Campaign_4,Accepted,199,2025-11-19
CAM00099,CUST0919,Campaign_9,Rejected,199,2025-08-30
CAM00100,CUST0190,Campaign_3,Rejected,249,2026-01-21
CAM00101,CUST0050,Campaign_3,Accepted,149,2025-11-07
CAM00102,CUST0607,Campaign_10,Accepted,249,2025-07-31
CAM00103,CUST1241,Campaign_4,Rejected,249,2026-01-16
CAM00104,CUST1538,Campaign_5,Rejected,149,2026-02-04
CAM00105,CUST0868,Campaign_8,Accepted,0,2026-04-08
CAM00106,CUST0420,Campaign_3,Accepted,0,2025-08-30
CAM00107,CUST1900,Campaign_8,Rejected,199,2025-12-28
CAM00108,CUST1973,Campaign_7,Accepted,0,2025-10-11
CAM00109,CUST1461,Campaign_9,Rejected,199,2026-03-31
CAM00110,CUST1109,Campaign_10,Rejected,249,2026-02-04
CAM00111,CUST1174,Campaign_3,Accepted,0,2025-06-09
CAM00112,CUST0082,Campaign_4,Accepted,149,2025-10-30
CAM00113,CUST0538,Campaign_10,Rejected,199,2025-11-09
CAM00114,CUST0442,Campaign_10,Rejected,249,2026-04-13
CAM00115,CUST0381,Campaign_8,Accepted,249,2025-07-23
CAM00116,CUST0371,Campaign_7,Accepted,249,2025-05-01
CAM00117,CUST0465,Campaign_4,Rejected,249,2025-11-08
CAM00118,CUST0869,Campaign_1,Rejected,149,2025-12-12
CAM00119,CUST1844,Campaign_10,Accepted,199,2025-11-19
CAM00120,CUST1641,Campaign_1,Accepted,149,2026-04-20
CAM00121,CUST1293,Campaign_3,Accepted,149,2025-07-06
CAM00122,CUST0278,Campaign_2,Rejected,149,2026-02-08
CAM00123,CUST0908,Campaign_10,Accepted,249,2025-12-02
CAM00124,CUST0472,Campaign_10,Accepted,0,2025-08-21
CAM00125,CUST0518,Campaign_8,Rejected,199,2026-04-20
CAM00126,CUST1362,Campaign_9,Rejected,0,2026-01-22
CAM00127,CUST0437,Campaign_9,Accepted,149,2025-11-23
CAM00128,CUST1826,Campaign_2,Accepted,0,2025-06-08
CAM00129,CUST1826,Campaign_10,Rejected,199,2025-05-14
CAM00130,CUST1638,Campaign_4,Rejected,0,2025-08-07
CAM00131,CUST0633,Campaign_3,Rejected,199,2025-09-20
CAM00132,CUST0054,Campaign_10,Accepted,0,2025-10-30
CAM00133,CUST1845,Campaign_1,Accepted,199,2025-10-06
CAM00134,CUST1121,Campaign_8,Accepted,0,2025-10-28
CAM00135,CUST0297,Campaign_5,Accepted,0,2025-11-17
CAM00136,CUST1857,Campaign_6,Rejected,199,2025-06-03
CAM00137,CUST1578,Campaign_7,Accepted,249,2025-05-09
CAM00138,CUST0044,Campaign_5,Rejected,0,2025-10-01
CAM00139,CUST0426,Campaign_8,Accepted,0,2026-02-27
CAM00140,CUST1413,Campaign_8,Rejected,149,2025-11-06
CAM00141,CUST0527,Campaign_7,Rejected,0,2026-04-09
CAM00142,CUST0291,Campaign_5,Accepted,149,2026-03-08
CAM00143,CUST1576,Campaign_2,Rejected,0,2025-07-13
CAM00144,CUST0150,Campaign_10,Rejected,0,2025-12-01
CAM00145,CUST0221,Campaign_7,Rejected,199,2025-10-22
CAM00146,CUST0897,Campaign_7,Rejected,199,2025-07-18
CAM00147,CUST1977,Campaign_1,Accepted,149,2026-02-13
CAM00148,CUST1001,Campaign_9,Rejected,149,2025-06-02
CAM00149,CUST1133,Campaign_5,Rejected,0,2025-12-18
CAM00150,CUST0214,Campaign_2,Rejected,149,2025-09-05
CAM00151,CUST1304,Campaign_1,Accepted,149,2025-05-06
CAM00152,CUST1301,Campaign_6,Accepted,249,2025-12-16
CAM00153,CUST1140,Campaign_5,Accepted,0,2025-12-15
CAM00154,CUST0554,Campaign_2,Accepted,199,2026-03-24
CAM00155,CUST0978,Campaign_8,Accepted,0,2025-11-29
CAM00156,CUST0384,Campaign_3,Accepted,249,2026-01-13
CAM00157,CUST1718,Campaign_1,Accepted,199,2025-06-23
CAM00158,CUST0751,Campaign_5,Rejected,199,2025-05-29
CAM00159,CUST1546,Campaign_4,Rejected,149,2026-04-07
CAM00160,CUST1877,Campaign_10,Accepted,149,2026-02-20
CAM00161,CUST0182,Campaign_8,Accepted,199,2025-08-05
CAM00162,CUST0309,Campaign_9,Rejected,199,2026-01-03
CAM00163,CUST1228,Campaign_9,Accepted,199,2026-01-07
CAM00164,CUST1061,Campaign_2,Rejected,149,2025-10-17
CAM00165,CUST0941,Campaign_7,Accepted,0,2025-12-12
CAM00166,CUST1680,Campaign_3,Rejected,199,2026-01-11
CAM00167,CUST1169,Campaign_6,Rejected,149,2025-12-12
CAM00168,CUST0278,Campaign_2,Accepted,199,2026-04-20
CAM00169,CUST0138,Campaign_3,Rejected,249,2026-01-13
CAM00170,CUST0636,Campaign_1,Rejected,149,2025-05-15
CAM00171,CUST1449,Campaign_5,Accepted,0,2025-05-21
CAM00172,CUST0367,Campaign_10,Accepted,249,2026-03-31
CAM00173,CUST0009,Campaign_4,Rejected,0,2025-07-08
CAM00174,CUST1991,Campaign_3,Rejected,0,2025-08-10
CAM00175,CUST1273,Campaign_8,Accepted,0,2025-11-03
CAM00176,CUST1509,Campaign_4,Accepted,0,2026-03-29
CAM00177,CUST1135,Campaign_1,Rejected,0,2025-08-11
CAM00178,CUST0635,Campaign_9,Rejected,249,2025-08-24
CAM00179,CUST0576,Campaign_10,Rejected,0,2026-02-01
CAM00180,CUST0945,Campaign_2,Accepted,0,2025-10-25
CAM00181,CUST0257,Campaign_7,Rejected,199,2025-08-29
CAM00182,CUST1592,Campaign_8,Rejected,249,2025-07-31
CAM00183,CUST0130,Campaign_10,Rejected,199,2025-09-29
CAM00184,CUST1832,Campaign_10,Accepted,249,2025-08-24
CAM00185,CUST0881,Campaign_8,Accepted,0,2026-04-16
CAM00186,CUST1268,Campaign_2,Accepted,199,2025-09-17
CAM00187,CUST0127,Campaign_1,Rejected,0,2026-01-01
CAM00188,CUST0625,Campaign_3,Rejected,0,2025-11-23
CAM00189,CUST2000,Campaign_9,Rejected,249,2025-05-17
CAM00190,CUST1152,Campaign_9,Rejected,199,2025-12-26
CAM00191,CUST1202,Campaign_8,Rejected,199,2025-04-24
CAM00192,CUST0678,Campaign_6,Accepted,149,2025-11-08
CAM00193,CUST1226,Campaign_9,Rejected,199,2025-04-26
CAM00194,CUST1549,Campaign_5,Accepted,149,2025-09-09
CAM00195,CUST1171,Campaign_7,Accepted,199,2025-10-27
CAM00196,CUST1326,Campaign_5,Accepted,249,2025-09-04
CAM00197,CUST1382,Campaign_5,Accepted,149,2025-06-20
CAM00198,CUST1753,Campaign_5,Rejected,199,2025-09-11
CAM00199,CUST1508,Campaign_9,Rejected,199,2026-03-06
CAM00200,CUST1055,Campaign_8,Accepted,199,2026-01-19
CAM00201,CUST0098,Campaign_3,Rejected,249,2025-08-15
CAM00202,CUST1053,Campaign_10,Accepted,199,2025-07-06
CAM00203,CUST0443,Campaign_2,Accepted,249,2025-12-20
CAM00204,CUST0968,Campaign_9,Rejected,0,2025-11-04
CAM00205,CUST0088,Campaign_6,Accepted,199,2025-12-25
CAM00206,CUST1285,Campaign_4,Rejected,249,2026-01-05
CAM00207,CUST0272,Campaign_10,Accepted,0,2026-01-28
CAM00208,CUST0397,Campaign_8,Rejected,149,2026-02-19
CAM00209,CUST0906,Campaign_1,Rejected,249,2026-02-23
CAM00210,CUST0662,Campaign_3,Accepted,0,2025-06-27
CAM00211,CUST0617,Campaign_3,Rejected,249,2025-07-11
CAM00212,CUST0656,Campaign_9,Accepted,199,2025-11-08
CAM00213,CUST2000,Campaign_10,Accepted,249,2026-03-31
CAM00214,CUST0773,Campaign_1,Accepted,249,2025-10-20
CAM00215,CUST0364,Campaign_1,Accepted,249,2025-11-10
CAM00216,CUST0922,Campaign_6,Rejected,149,2026-04-01
CAM00217,CUST1216,Campaign_3,Accepted,149,2025-12-05
CAM00218,CUST0499,Campaign_9,Rejected,0,2025-11-12
CAM00219,CUST0638,Campaign_3,Rejected,0,2026-04-11
CAM00220,CUST0240,Campaign_5,Rejected,0,2025-12-19
CAM00221,CUST0184,Campaign_1,Accepted,249,2025-05-06
CAM00222,CUST0008,Campaign_9,Rejected,249,2025-08-31
CAM00223,CUST0960,Campaign_3,Rejected,149,2026-04-21
CAM00224,CUST0970,Campaign_7,Accepted,249,2025-10-18
CAM00225,CUST1092,Campaign_9,Accepted,249,2025-11-01
CAM00226,CUST1049,Campaign_8,Accepted,149,2025-06-02
CAM00227,CUST0815,Campaign_4,Rejected,0,2025-06-20
CAM00228,CUST1375,Campaign_1,Accepted,249,2025-10-13
CAM00229,CUST0327,Campaign_3,Rejected,0,2026-03-29
CAM00230,CUST1036,Campaign_9,Accepted,199,2026-01-30
CAM00231,CUST0575,Campaign_4,Accepted,249,2025-12-15
CAM00232,CUST1609,Campaign_2,Accepted,199,2025-08-13
CAM00233,CUST1563,Campaign_2,Rejected,0,2025-12-10
CAM00234,CUST0955,Campaign_10,Accepted,149,2025-06-09
CAM00235,CUST0176,Campaign_8,Rejected,249,2025-05-13
CAM00236,CUST1531,Campaign_6,Rejected,249,2025-06-30
CAM00237,CUST1307,Campaign_8,Rejected,199,2025-09-30
CAM00238,CUST0801,Campaign_2,Accepted,149,2025-04-29
CAM00239,CUST0968,Campaign_9,Rejected,0,2025-10-09
CAM00240,CUST0451,Campaign_2,Accepted,249,2025-08-18
CAM00241,CUST1615,Campaign_8,Accepted,0,2025-06-26
CAM00242,CUST1529,Campaign_6,Accepted,0,2025-10-28
CAM00243,CUST0816,Campaign_8,Rejected,0,2025-10-15
CAM00244,CUST0464,Campaign_8,Accepted,149,2025-10-08
CAM00245,CUST0823,Campaign_6,Rejected,249,2025-05-21
CAM00246,CUST1670,Campaign_8,Rejected,149,2025-08-16
CAM00247,CUST0801,Campaign_7,Rejected,0,2026-04-17
CAM00248,CUST1774,Campaign_2,Rejected,149,2026-02-08
CAM00249,CUST0158,Campaign_4,Accepted,149,2025-06-02
CAM00250,CUST1369,Campaign_7,Rejected,0,2026-04-10
CAM00251,CUST0508,Campaign_8,Rejected,249,2025-10-17
CAM00252,CUST1589,Campaign_2,Accepted,0,2026-04-11
CAM00253,CUST0737,Campaign_8,Accepted,199,2025-07-21
CAM00254,CUST0593,Campaign_6,Rejected,249,2025-11-04
CAM00255,CUST1014,Campaign_9,Rejected,199,2025-11-12
CAM00256,CUST0192,Campaign_2,Accepted,0,2026-01-19
CAM00257,CUST1290,Campaign_1,Rejected,249,2026-02-04
CAM00258,CUST0968,Campaign_7,Rejected,199,2025-08-23
CAM00259,CUST1077,Campaign_4,Accepted,0,2025-05-21
CAM00260,CUST0508,Campaign_7,Rejected,199,2025-11-14
CAM00261,CUST0195,Campaign_9,Accepted,199,2025-10-01
CAM00262,CUST1058,Campaign_9,Rejected,149,2026-03-09
CAM00263,CUST1281,Campaign_5,Rejected,149,2025-10-17
CAM00264,CUST1864,Campaign_1,Accepted,149,2025-08-10
CAM00265,CUST1807,Campaign_1,Accepted,199,2025-10-09
CAM00266,CUST0489,Campaign_10,Accepted,0,2025-05-03
CAM00267,CUST0521,Campaign_9,Accepted,0,2026-02-21
CAM00268,CUST0118,Campaign_10,Accepted,199,2025-12-10
CAM00269,CUST1795,Campaign_4,Accepted,249,2025-09-13
CAM00270,CUST1166,Campaign_8,Rejected,149,2025-05-24
CAM00271,CUST0926,Campaign_3,Rejected,199,2025-07-19
CAM00272,CUST0109,Campaign_2,Accepted,0,2026-04-08
CAM00273,CUST1031,Campaign_7,Accepted,249,2025-07-17
CAM00274,CUST1082,Campaign_5,Accepted,199,2025-10-04
CAM00275,CUST0022,Campaign_3,Accepted,199,2026-01-04
CAM00276,CUST1340,Campaign_5,Accepted,149,2025-09-14
CAM00277,CUST1370,Campaign_4,Accepted,0,2026-01-03
CAM00278,CUST0919,Campaign_4,Rejected,249,2025-12-18
CAM00279,CUST0468,Campaign_1,Accepted,149,2025-05-23
CAM00280,CUST0395,Campaign_9,Accepted,0,2026-02-06
CAM00281,CUST0555,Campaign_7,Accepted,149,2025-06-10
CAM00282,CUST1475,Campaign_5,Accepted,249,2026-04-06
CAM00283,CUST0405,Campaign_5,Accepted,0,2025-11-20
CAM00284,CUST0665,Campaign_6,Rejected,149,2026-04-17
CAM00285,CUST1241,Campaign_7,Rejected,0,2026-01-23
CAM00286,CUST0492,Campaign_2,Rejected,0,2025-08-03
CAM00287,CUST1860,Campaign_1,Accepted,199,2026-02-15
CAM00288,CUST1419,Campaign_10,Accepted,149,2026-02-28
CAM00289,CUST1173,Campaign_3,Accepted,249,2025-05-23
CAM00290,CUST0357,Campaign_3,Accepted,0,2025-06-20
CAM00291,CUST0603,Campaign_6,Rejected,0,2026-01-28
CAM00292,CUST0528,Campaign_10,Rejected,249,2025-11-09
CAM00293,CUST1423,Campaign_9,Accepted,0,2025-10-23
CAM00294,CUST0936,Campaign_5,Rejected,199,2025-08-01
CAM00295,CUST0168,Campaign_2,Rejected,0,2025-07-09
CAM00296,CUST0431,Campaign_10,Rejected,0,2025-08-01
CAM00297,CUST0635,Campaign_6,Rejected,0,2026-03-07
CAM00298,CUST0887,Campaign_8,Rejected,0,2026-04-06
CAM00299,CUST0376,Campaign_5,Accepted,149,2025-11-05
CAM00300,CUST1616,Campaign_1,Accepted,149,2026-01-08
CAM00301,CUST0621,Campaign_4,Accepted,149,2025-07-28
CAM00302,CUST0522,Campaign_10,Accepted,199,2025-06-07
CAM00303,CUST0348,Campaign_1,Accepted,0,2026-03-28
CAM00304,CUST1349,Campaign_10,Accepted,249,2026-03-18
CAM00305,CUST1448,Campaign_10,Accepted,149,2025-05-28
CAM00306,CUST0528,Campaign_2,Rejected,199,2025-09-08
CAM00307,CUST0465,Campaign_9,Accepted,149,2025-11-09
CAM00308,CUST0318,Campaign_6,Accepted,0,2025-07-29
CAM00309,CUST0656,Campaign_7,Rejected,249,2025-06-12
CAM00310,CUST1879,Campaign_7,Rejected,249,2025-05-21
CAM00311,CUST0144,Campaign_2,Accepted,249,2025-12-10
CAM00312,CUST0284,Campaign_5,Rejected,199,2025-12-05
CAM00313,CUST0920,Campaign_6,Accepted,199,2026-02-01
CAM00314,CUST0195,Campaign_2,Accepted,0,2025-08-30
CAM00315,CUST0944,Campaign_1,Accepted,149,2025-07-31
CAM00316,CUST1696,Campaign_9,Rejected,249,2026-01-14
CAM00317,CUST1800,Campaign_5,Accepted,199,2025-12-07
CAM00318,CUST0733,Campaign_6,Rejected,0,2026-03-12
CAM00319,CUST0409,Campaign_6,Accepted,149,2025-12-02
CAM00320,CUST0527,Campaign_3,Rejected,149,2025-05-22
CAM00321,CUST0619,Campaign_5,Accepted,249,2026-03-01
CAM00322,CUST0140,Campaign_8,Accepted,249,2026-01-18
CAM00323,CUST1643,Campaign_7,Rejected,199,2026-02-17
CAM00324,CUST0450,Campaign_7,Rejected,199,2026-01-11
CAM00325,CUST0014,Campaign_9,Accepted,249,2025-11-16
CAM00326,CUST0317,Campaign_9,Rejected,0,2025-06-13
CAM00327,CUST1840,Campaign_5,Accepted,0,2025-06-12
CAM00328,CUST0884,Campaign_7,Accepted,0,2026-04-11
CAM00329,CUST1338,Campaign_8,Accepted,199,2025-09-24
CAM00330,CUST0818,Campaign_7,Rejected,149,2025-06-07
CAM00331,CUST0319,Campaign_3,Rejected,199,2026-02-19
CAM00332,CUST0623,Campaign_2,Rejected,149,2025-04-26
CAM00333,CUST0868,Campaign_1,Accepted,199,2025-06-25
CAM00334,CUST0711,Campaign_9,Accepted,249,2025-04-27
CAM00335,CUST1964,Campaign_1,Accepted,0,2026-03-16
CAM00336,CUST0992,Campaign_6,Accepted,199,2025-11-23
CAM00337,CUST0130,Campaign_8,Rejected,149,2025-08-04
CAM00338,CUST0769,Campaign_1,Rejected,149,2025-06-30
CAM00339,CUST1144,Campaign_8,Accepted,199,2025-08-24
CAM00340,CUST1917,Campaign_5,Rejected,0,2026-04-07
CAM00341,CUST1954,Campaign_1,Accepted,199,2025-04-29
CAM00342,CUST1990,Campaign_10,Accepted,149,2025-08-12
CAM00343,CUST1704,Campaign_7,Accepted,0,2025-06-28
CAM00344,CUST1870,Campaign_4,Accepted,249,2026-01-27
CAM00345,CUST0779,Campaign_2,Accepted,149,2025-10-30
CAM00346,CUST1250,Campaign_5,Accepted,0,2026-03-11
CAM00347,CUST0798,Campaign_5,Rejected,149,2025-05-23
CAM00348,CUST0044,Campaign_10,Rejected,0,2025-07-05
CAM00349,CUST1756,Campaign_1,Rejected,0,2025-08-16
CAM00350,CUST0618,Campaign_6,Accepted,0,2025-09-01
CAM00351,CUST0511,Campaign_8,Accepted,249,2026-02-23
CAM00352,CUST1482,Campaign_4,Accepted,0,2025-08-08
CAM00353,CUST0566,Campaign_7,Accepted,0,2025-12-15
CAM00354,CUST1359,Campaign_10,Accepted,199,2025-12-26
CAM00355,CUST1555,Campaign_9,Rejected,249,2025-07-18
CAM00356,CUST0506,Campaign_6,Rejected,0,2026-03-24
CAM00357,CUST1381,Campaign_4,Rejected,149,2026-03-16
CAM00358,CUST1245,Campaign_2,Rejected,249,2025-07-27
CAM00359,CUST0464,Campaign_5,Accepted,0,2025-08-03
CAM00360,CUST1410,Campaign_7,Accepted,149,2026-04-06
CAM00361,CUST0389,Campaign_1,Rejected,0,2026-04-11
CAM00362,CUST1594,Campaign_9,Rejected,0,2025-11-09
CAM00363,CUST0112,Campaign_4,Rejected,0,2025-08-27
CAM00364,CUST1160,Campaign_2,Rejected,0,2025-05-23
CAM00365,CUST1564,Campaign_5,Accepted,249,2026-01-11
CAM00366,CUST1337,Campaign_3,Rejected,249,2026-01-18
CAM00367,CUST0760,Campaign_7,Rejected,249,2025-09-03
CAM00368,CUST1408,Campaign_10,Rejected,149,2026-02-12
CAM00369,CUST0145,Campaign_3,Rejected,199,2026-02-03
CAM00370,CUST1596,Campaign_7,Rejected,149,2026-01-13
CAM00371,CUST1024,Campaign_5,Accepted,249,2025-06-20
CAM00372,CUST1748,Campaign_3,Rejected,249,2026-01-02
CAM00373,CUST0652,Campaign_7,Rejected,199,2026-01-03
CAM00374,CUST1229,Campaign_5,Accepted,0,2025-04-26
CAM00375,CUST0474,Campaign_3,Rejected,249,2025-11-14
CAM00376,CUST1740,Campaign_4,Rejected,0,2025-07-08
CAM00377,CUST0786,Campaign_7,Rejected,0,2025-10-15
CAM00378,CUST1170,Campaign_3,Accepted,0,2026-02-28
CAM00379,CUST0860,Campaign_3,Accepted,0,2025-12-18
CAM00380,CUST1459,Campaign_5,Accepted,249,2026-01-07
CAM00381,CUST0020,Campaign_9,Accepted,0,2025-08-15
CAM00382,CUST0893,Campaign_1,Rejected,149,2026-01-24
CAM00383,CUST1108,Campaign_6,Accepted,0,2025-06-16
CAM00384,CUST1338,Campaign_2,Accepted,249,2025-11-16
CAM00385,CUST1400,Campaign_9,Accepted,249,2025-08-29
CAM00386,CUST1660,Campaign_5,Rejected,149,2025-10-19
CAM00387,CUST1184,Campaign_8,Accepted,0,2025-04-27
CAM00388,CUST0171,Campaign_1,Accepted,0,2025-05-06
CAM00389,CUST1157,Campaign_9,Rejected,149,2026-02-16
CAM00390,CUST1807,Campaign_2,Accepted,249,2025-12-02
CAM00391,CUST1850,Campaign_1,Rejected,0,2025-12-30
CAM00392,CUST1200,Campaign_7,Accepted,199,2026-02-11
CAM00393,CUST0991,Campaign_10,Accepted,0,2025-06-15
CAM00394,CUST0178,Campaign_9,Accepted,249,2025-08-14
CAM00395,CUST0337,Campaign_7,Rejected,199,2026-01-30
CAM00396,CUST1266,Campaign_8,Accepted,0,2026-01-02
CAM00397,CUST0981,Campaign_5,Rejected,249,2025-12-26
CAM00398,CUST0776,Campaign_7,Rejected,199,2025-12-21
CAM00399,CUST1226,Campaign_6,Accepted,149,2025-10-19
CAM00400,CUST0092,Campaign_3,Accepted,249,2025-11-03
CAM00401,CUST1573,Campaign_7,Rejected,149,2026-04-14
CAM00402,CUST1849,Campaign_8,Accepted,149,2025-06-06
CAM00403,CUST0594,Campaign_4,Accepted,249,2026-01-31
CAM00404,CUST1362,Campaign_2,Rejected,199,2025-06-26
CAM00405,CUST1535,Campaign_8,Accepted,199,2025-06-29
CAM00406,CUST0112,Campaign_2,Accepted,249,2025-06-17
CAM00407,CUST1533,Campaign_7,Accepted,249,2025-10-02
CAM00408,CUST1482,Campaign_1,Accepted,0,2025-12-13
CAM00409,CUST0012,Campaign_7,Accepted,249,2026-02-09
CAM00410,CUST0774,Campaign_5,Accepted,199,2025-10-16
CAM00411,CUST0628,Campaign_1,Accepted,249,2025-07-26
CAM00412,CUST1164,Campaign_4,Rejected,0,2026-02-11
CAM00413,CUST0207,Campaign_1,Rejected,199,2025-06-24
CAM00414,CUST1958,Campaign_1,Rejected,199,2026-01-25
CAM00415,CUST0029,Campaign_3,Accepted,199,2025-06-09
CAM00416,CUST1234,Campaign_9,Rejected,149,2025-07-10
CAM00417,CUST1068,Campaign_3,Accepted,199,2025-07-23
CAM00418,CUST0927,Campaign_9,Rejected,0,2026-02-08
CAM00419,CUST1186,Campaign_9,Accepted,199,2025-12-13
CAM00420,CUST0265,Campaign_2,Accepted,0,2026-04-20
CAM00421,CUST0519,Campaign_2,Accepted,0,2025-04-25
CAM00422,CUST1836,Campaign_9,Rejected,249,2026-03-25
CAM00423,CUST0230,Campaign_8,Rejected,249,2025-07-04
CAM00424,CUST1300,Campaign_9,Accepted,249,2025-10-10
CAM00425,CUST1580,Campaign_8,Accepted,149,2026-01-23
CAM00426,CUST1228,Campaign_8,Rejected,149,2026-01-09
CAM00427,CUST1267,Campaign_10,Rejected,249,2025-08-17
CAM00428,CUST1726,Campaign_5,Accepted,249,2026-04-04
CAM00429,CUST1264,Campaign_2,Accepted,0,2025-05-23
CAM00430,CUST0291,Campaign_8,Rejected,199,2026-03-31
CAM00431,CUST0454,Campaign_3,Rejected,249,2026-02-10
CAM00432,CUST1751,Campaign_6,Accepted,199,2025-09-22
CAM00433,CUST1450,Campaign_7,Accepted,249,2026-03-02
CAM00434,CUST1379,Campaign_1,Accepted,199,2025-05-19
CAM00435,CUST1097,Campaign_9,Rejected,199,2025-06-30
CAM00436,CUST0604,Campaign_9,Rejected,149,2025-07-15
CAM00437,CUST0348,Campaign_1,Rejected,249,2025-09-13
CAM00438,CUST1815,Campaign_9,Accepted,199,2025-09-13
CAM00439,CUST1623,Campaign_4,Accepted,149,2026-01-01
CAM00440,CUST0393,Campaign_8,Accepted,0,2025-10-03
CAM00441,CUST1848,Campaign_3,Accepted,199,2025-07-31
CAM00442,CUST0483,Campaign_6,Rejected,199,2025-06-27
CAM00443,CUST0637,Campaign_9,Accepted,249,2025-06-05
CAM00444,CUST0753,Campaign_8,Rejected,249,2026-01-03
CAM00445,CUST0877,Campaign_6,Accepted,149,2025-09-17
CAM00446,CUST0666,Campaign_10,Accepted,199,2026-02-10
CAM00447,CUST0652,Campaign_4,Rejected,149,2025-09-04
CAM00448,CUST1582,Campaign_2,Accepted,249,2025-05-25
CAM00449,CUST1853,Campaign_2,Accepted,249,2025-04-24
CAM00450,CUST1106,Campaign_8,Accepted,199,2025-09-20
CAM00451,CUST1023,Campaign_9,Rejected,0,2025-11-04
CAM00452,CUST0923,Campaign_1,Rejected,249,2025-09-22
CAM00453,CUST1685,Campaign_7,Accepted,249,2025-05-07
CAM00454,CUST1834,Campaign_6,Rejected,0,2026-03-05
CAM00455,CUST0133,Campaign_9,Rejected,199,2026-04-12
CAM00456,CUST1788,Campaign_8,Accepted,199,2025-07-21
CAM00457,CUST1465,Campaign_8,Rejected,249,2025-12-29
CAM00458,CUST0802,Campaign_10,Accepted,149,2026-02-27
CAM00459,CUST1949,Campaign_3,Accepted,149,2025-11-30
CAM00460,CUST0628,Campaign_4,Rejected,0,2026-02-27
CAM00461,CUST0627,Campaign_8,Rejected,149,2025-12-16
CAM00462,CUST1073,Campaign_9,Rejected,0,2025-06-29
CAM00463,CUST1857,Campaign_7,Accepted,0,2025-09-11
CAM00464,CUST0356,Campaign_3,Accepted,0,2025-04-26
CAM00465,CUST1917,Campaign_7,Rejected,0,2025-11-18
CAM00466,CUST0671,Campaign_5,Accepted,0,2025-05-11
CAM00467,CUST0651,Campaign_9,Accepted,199,2025-11-29
CAM00468,CUST1596,Campaign_10,Accepted,199,2025-07-07
CAM00469,CUST0076,Campaign_2,Rejected,149,2025-09-21
CAM00470,CUST1568,Campaign_6,Accepted,149,2025-07-15
CAM00471,CUST1231,Campaign_7,Rejected,0,2025-09-07
CAM00472,CUST0358,Campaign_9,Rejected,199,2026-04-02
CAM00473,CUST1867,Campaign_3,Accepted,149,2025-12-18
CAM00474,CUST0374,Campaign_2,Accepted,199,2025-05-04
CAM00475,CUST0066,Campaign_9,Accepted,149,2025-07-26
CAM00476,CUST1135,Campaign_3,Rejected,249,2026-02-26
CAM00477,CUST0548,Campaign_7,Accepted,199,2026-01-07
CAM00478,CUST0987,Campaign_4,Accepted,149,2025-10-04
CAM00479,CUST0189,Campaign_6,Accepted,249,2025-04-21
CAM00480,CUST0449,Campaign_6,Accepted,0,2025-06-11
CAM00481,CUST0739,Campaign_5,Rejected,199,2025-07-01
CAM00482,CUST0934,Campaign_10,Rejected,0,2025-10-14
CAM00483,CUST0018,Campaign_2,Accepted,249,2026-02-03
CAM00484,CUST0114,Campaign_10,Accepted,0,2026-02-03
CAM00485,CUST1968,Campaign_9,Rejected,149,2026-03-03
CAM00486,CUST0068,Campaign_1,Accepted,149,2026-04-20
CAM00487,CUST1666,Campaign_7,Rejected,149,2026-03-04
CAM00488,CUST0341,Campaign_9,Accepted,0,2025-07-17
CAM00489,CUST0376,Campaign_9,Rejected,199,2025-07-31
CAM00490,CUST0517,Campaign_9,Rejected,249,2025-10-03
CAM00491,CUST1543,Campaign_8,Rejected,149,2025-06-29
CAM00492,CUST1534,Campaign_1,Accepted,0,2025-11-09
CAM00493,CUST0819,Campaign_2,Accepted,0,2026-02-08
CAM00494,CUST0721,Campaign_5,Accepted,149,2025-08-11
CAM00495,CUST0136,Campaign_2,Rejected,199,2026-03-06
CAM00496,CUST1596,Campaign_8,Rejected,149,2025-10-31
CAM00497,CUST1731,Campaign_8,Accepted,199,2025-12-21
CAM00498,CUST1447,Campaign_4,Rejected,199,2025-11-30
CAM00499,CUST0957,Campaign_3,Accepted,249,2026-04-02
CAM00500,CUST0312,Campaign_4,Rejected,0,2025-12-11
CAM00501,CUST0050,Campaign_8,Accepted,149,2025-07-13
CAM00502,CUST1386,Campaign_6,Accepted,0,2025-12-22
CAM00503,CUST0582,Campaign_4,Rejected,249,2025-05-15
CAM00504,CUST0030,Campaign_3,Accepted,149,2025-11-26
CAM00505,CUST0920,Campaign_6,Rejected,0,2025-10-08
CAM00506,CUST1054,Campaign_9,Accepted,149,2025-11-11
CAM00507,CUST0068,Campaign_5,Rejected,249,2025-11-06
CAM00508,CUST0318,Campaign_7,Accepted,249,2026-01-03
CAM00509,CUST0659,Campaign_9,Rejected,0,2025-10-25
CAM00510,CUST1073,Campaign_2,Rejected,149,2025-07-30
CAM00511,CUST1905,Campaign_7,Rejected,149,2025-09-13
CAM00512,CUST1053,Campaign_2,Accepted,249,2025-06-20
CAM00513,CUST0107,Campaign_1,Rejected,0,2025-05-12
CAM00514,CUST0671,Campaign_8,Accepted,249,2025-08-31
CAM00515,CUST0221,Campaign_1,Accepted,0,2026-03-19
CAM00516,CUST1413,Campaign_1,Accepted,249,2026-03-13
CAM00517,CUST1632,Campaign_5,Rejected,199,2025-07-13
CAM00518,CUST1869,Campaign_3,Accepted,0,2026-03-08
CAM00519,CUST1281,Campaign_4,Rejected,0,2025-11-03
CAM00520,CUST0314,Campaign_10,Rejected,149,2025-11-24
CAM00521,CUST0071,Campaign_8,Accepted,0,2025-12-06
CAM00522,CUST1086,Campaign_5,Rejected,0,2026-03-06
CAM00523,CUST0082,Campaign_8,Accepted,0,2025-05-17
CAM00524,CUST1354,Campaign_2,Accepted,0,2026-02-28
CAM00525,CUST0445,Campaign_2,Rejected,199,2025-10-20
CAM00526,CUST0518,Campaign_9,Accepted,199,2026-01-24
CAM00527,CUST0646,Campaign_6,Rejected,199,2026-01-13
CAM00528,CUST0870,Campaign_10,Accepted,0,2025-11-03
CAM00529,CUST1971,Campaign_4,Accepted,249,2025-10-31
CAM00530,CUST0908,Campaign_4,Accepted,0,2025-05-18
CAM00531,CUST1586,Campaign_1,Accepted,0,2025-06-17
CAM00532,CUST1524,Campaign_4,Rejected,149,2026-03-15
CAM00533,CUST1013,Campaign_8,Accepted,249,2025-08-17
CAM00534,CUST1650,Campaign_4,Rejected,249,2025-11-10
CAM00535,CUST0477,Campaign_9,Rejected,149,2026-02-01
CAM00536,CUST0780,Campaign_7,Rejected,249,2025-04-27
CAM00537,CUST0837,Campaign_9,Accepted,149,2025-08-20
CAM00538,CUST1328,Campaign_10,Accepted,249,2026-03-04
CAM00539,CUST1681,Campaign_9,Rejected,0,2026-02-12
CAM00540,CUST1287,Campaign_1,Accepted,249,2025-10-16
CAM00541,CUST1506,Campaign_10,Accepted,249,2025-10-20
CAM00542,CUST1714,Campaign_9,Rejected,199,2025-04-24
CAM00543,CUST1639,Campaign_7,Rejected,149,2025-06-04
CAM00544,CUST0556,Campaign_10,Accepted,149,2025-07-12
CAM00545,CUST0867,Campaign_9,Accepted,199,2025-04-27
CAM00546,CUST1328,Campaign_1,Accepted,149,2026-03-22
CAM00547,CUST0315,Campaign_9,Rejected,0,2025-08-15
CAM00548,CUST1005,Campaign_1,Accepted,149,2025-05-16
CAM00549,CUST0066,Campaign_7,Accepted,0,2025-11-01
CAM00550,CUST0310,Campaign_10,Accepted,199,2025-07-23
CAM00551,CUST0672,Campaign_1,Rejected,249,2025-05-10
CAM00552,CUST1087,Campaign_5,Rejected,0,2026-01-07
CAM00553,CUST0777,Campaign_2,Rejected,199,2025-12-29
CAM00554,CUST0149,Campaign_1,Rejected,199,2025-10-05
CAM00555,CUST1814,Campaign_6,Rejected,249,2026-03-15
CAM00556,CUST1408,Campaign_4,Rejected,249,2026-02-26
CAM00557,CUST1071,Campaign_2,Accepted,149,2026-02-09
CAM00558,CUST0732,Campaign_3,Accepted,149,2025-07-26
CAM00559,CUST1211,Campaign_8,Accepted,0,2025-11-01
CAM00560,CUST0112,Campaign_8,Rejected,0,2025-06-29
CAM00561,CUST0514,Campaign_3,Accepted,249,2025-05-29
CAM00562,CUST0001,Campaign_4,Rejected,149,2025-09-27
CAM00563,CUST0430,Campaign_1,Accepted,199,2025-08-01
CAM00564,CUST0889,Campaign_5,Rejected,249,2025-08-06
CAM00565,CUST1622,Campaign_5,Accepted,0,2025-10-04
CAM00566,CUST0190,Campaign_9,Rejected,199,2025-06-26
CAM00567,CUST0259,Campaign_10,Accepted,249,2025-12-23
CAM00568,CUST0020,Campaign_5,Rejected,149,2026-03-26
CAM00569,CUST0292,Campaign_7,Rejected,0,2025-07-13
CAM00570,CUST1948,Campaign_2,Accepted,149,2025-05-08
CAM00571,CUST0908,Campaign_1,Rejected,249,2026-02-08
CAM00572,CUST0099,Campaign_6,Accepted,0,2025-09-20
CAM00573,CUST1768,Campaign_2,Accepted,0,2025-09-09
CAM00574,CUST0653,Campaign_5,Accepted,199,2025-10-07
CAM00575,CUST0131,Campaign_1,Accepted,0,2025-10-04
CAM00576,CUST1604,Campaign_10,Accepted,249,2025-08-27
CAM00577,CUST0241,Campaign_5,Rejected,0,2025-08-23
CAM00578,CUST1569,Campaign_1,Accepted,0,2025-12-13
CAM00579,CUST1107,Campaign_3,Accepted,0,2025-07-21
CAM00580,CUST0247,Campaign_10,Accepted,249,2025-05-23
CAM00581,CUST0860,Campaign_5,Accepted,249,2026-02-14
CAM00582,CUST0901,Campaign_9,Rejected,199,2025-07-05
CAM00583,CUST0768,Campaign_9,Rejected,149,2026-02-22
CAM00584,CUST1259,Campaign_9,Accepted,0,2026-01-09
CAM00585,CUST0961,Campaign_2,Rejected,199,2026-02-10
CAM00586,CUST0463,Campaign_7,Rejected,0,2025-06-12
CAM00587,CUST1795,Campaign_2,Accepted,199,2025-10-10
CAM00588,CUST0777,Campaign_1,Accepted,249,2025-05-14
CAM00589,CUST0602,Campaign_9,Accepted,149,2026-01-23
CAM00590,CUST0391,Campaign_9,Rejected,199,2026-01-24
CAM00591,CUST1207,Campaign_6,Rejected,149,2025-05-14
CAM00592,CUST0026,Campaign_2,Rejected,249,2025-07-12
CAM00593,CUST1417,Campaign_2,Accepted,0,2025-06-13
CAM00594,CUST1885,Campaign_5,Accepted,0,2025-11-10
CAM00595,CUST1875,Campaign_10,Rejected,149,2026-02-14
CAM00596,CUST0959,Campaign_3,Accepted,149,2026-03-01
CAM00597,CUST1258,Campaign_10,Accepted,249,2025-10-16
CAM00598,CUST1641,Campaign_8,Accepted,199,2025-08-10
CAM00599,CUST1583,Campaign_4,Accepted,249,2025-09-17
CAM00600,CUST1476,Campaign_10,Accepted,199,2026-03-14
CAM00601,CUST0960,Campaign_3,Rejected,199,2025-06-02
CAM00602,CUST1752,Campaign_1,Accepted,199,2026-01-02
CAM00603,CUST0518,Campaign_2,Accepted,199,2025-08-23
CAM00604,CUST1609,Campaign_7,Rejected,149,2025-10-25
CAM00605,CUST1673,Campaign_4,Accepted,0,2026-04-07
CAM00606,CUST0034,Campaign_3,Accepted,149,2025-08-03
CAM00607,CUST0641,Campaign_7,Rejected,149,2026-01-23
CAM00608,CUST1069,Campaign_7,Rejected,249,2026-04-02
CAM00609,CUST1982,Campaign_6,Accepted,249,2026-02-09
CAM00610,CUST1121,Campaign_9,Rejected,0,2026-01-14
CAM00611,CUST1383,Campaign_4,Rejected,0,2025-07-14
CAM00612,CUST0169,Campaign_1,Accepted,0,2025-05-01
CAM00613,CUST1064,Campaign_5,Accepted,149,2025-04-25
CAM00614,CUST1423,Campaign_7,Accepted,199,2025-08-02
CAM00615,CUST1984,Campaign_8,Accepted,249,2026-01-22
CAM00616,CUST1470,Campaign_10,Accepted,149,2026-01-30
CAM00617,CUST1530,Campaign_9,Rejected,149,2026-03-18
CAM00618,CUST0043,Campaign_5,Accepted,149,2025-11-23
CAM00619,CUST0818,Campaign_7,Rejected,0,2026-03-10
CAM00620,CUST0652,Campaign_1,Accepted,149,2026-03-14
CAM00621,CUST0499,Campaign_4,Rejected,0,2026-02-10
CAM00622,CUST1498,Campaign_4,Rejected,199,2025-08-03
CAM00623,CUST0566,Campaign_8,Rejected,199,2025-05-31
CAM00624,CUST0516,Campaign_2,Rejected,149,2025-07-08
CAM00625,CUST1326,Campaign_10,Accepted,199,2025-05-30
CAM00626,CUST1880,Campaign_1,Rejected,199,2026-02-09
CAM00627,CUST0159,Campaign_3,Accepted,0,2025-12-13
CAM00628,CUST0966,Campaign_5,Rejected,249,2025-04-25
CAM00629,CUST0835,Campaign_8,Rejected,0,2025-10-06
CAM00630,CUST1216,Campaign_5,Accepted,199,2026-03-14
CAM00631,CUST0584,Campaign_3,Rejected,149,2026-03-27
CAM00632,CUST0011,Campaign_10,Accepted,0,2025-05-30
CAM00633,CUST0058,Campaign_5,Accepted,0,2026-01-05
CAM00634,CUST1220,Campaign_6,Accepted,249,2025-10-14
CAM00635,CUST1955,Campaign_1,Rejected,199,2025-07-26
CAM00636,CUST1381,Campaign_3,Rejected,0,2025-07-13
CAM00637,CUST0990,Campaign_9,Rejected,199,2025-06-21
CAM00638,CUST1993,Campaign_2,Accepted,0,2025-10-10
CAM00639,CUST0587,Campaign_6,Accepted,249,2026-01-27
CAM00640,CUST1223,Campaign_5,Accepted,249,2025-12-25
CAM00641,CUST1033,Campaign_1,Accepted,249,2025-11-05
CAM00642,CUST0926,Campaign_5,Accepted,0,2025-10-23
CAM00643,CUST0904,Campaign_5,Accepted,249,2025-04-22
CAM00644,CUST0234,Campaign_4,Rejected,0,2025-10-14
CAM00645,CUST1480,Campaign_5,Accepted,149,2025-12-19
CAM00646,CUST1949,Campaign_7,Accepted,149,2026-04-02
CAM00647,CUST0912,Campaign_9,Rejected,149,2025-05-23
CAM00648,CUST0293,Campaign_2,Accepted,249,2026-03-24
CAM00649,CUST0605,Campaign_3,Rejected,149,2025-09-18
CAM00650,CUST0771,Campaign_8,Rejected,249,2026-02-10
CAM00651,CUST1688,Campaign_5,Accepted,149,2026-03-08
CAM00652,CUST1240,Campaign_10,Rejected,249,2025-12-02
CAM00653,CUST0764,Campaign_8,Accepted,0,2026-02-16
CAM00654,CUST1275,Campaign_8,Accepted,249,2025-07-29
CAM00655,CUST0570,Campaign_4,Rejected,149,2025-07-25
CAM00656,CUST0376,Campaign_7,Accepted,199,2025-05-28
CAM00657,CUST0842,Campaign_6,Rejected,149,2025-07-31
CAM00658,CUST1647,Campaign_9,Rejected,0,2025-09-11
CAM00659,CUST1125,Campaign_10,Rejected,249,2025-05-30
CAM00660,CUST1128,Campaign_7,Accepted,249,2025-07-09
CAM00661,CUST1317,Campaign_2,Accepted,149,2025-11-29
CAM00662,CUST0747,Campaign_8,Accepted,0,2025-04-24
CAM00663,CUST1426,Campaign_9,Accepted,199,2025-06-15
CAM00664,CUST1325,Campaign_6,Accepted,199,2025-11-09
CAM00665,CUST0846,Campaign_6,Rejected,0,2025-06-20
CAM00666,CUST1365,Campaign_7,Accepted,199,2025-05-31
CAM00667,CUST0729,Campaign_2,Accepted,199,2025-11-09
CAM00668,CUST0800,Campaign_2,Rejected,249,2025-09-21
CAM00669,CUST0716,Campaign_2,Accepted,149,2025-07-21
CAM00670,CUST0883,Campaign_9,Accepted,249,2025-09-04
CAM00671,CUST1742,Campaign_4,Accepted,0,2025-10-05
CAM00672,CUST1617,Campaign_4,Accepted,149,2025-11-13
CAM00673,CUST0549,Campaign_2,Rejected,249,2025-12-12
CAM00674,CUST0524,Campaign_3,Rejected,149,2026-01-19
CAM00675,CUST0902,Campaign_9,Rejected,249,2025-10-17
CAM00676,CUST0126,Campaign_2,Accepted,199,2025-09-03
CAM00677,CUST0849,Campaign_3,Rejected,0,2026-02-08
CAM00678,CUST0894,Campaign_5,Accepted,0,2026-03-18
CAM00679,CUST1798,Campaign_6,Rejected,249,2025-07-23
CAM00680,CUST1797,Campaign_9,Rejected,0,2025-11-14
CAM00681,CUST1357,Campaign_8,Accepted,0,2026-02-11
CAM00682,CUST1853,Campaign_1,Rejected,149,2025-12-30
CAM00683,CUST0206,Campaign_6,Accepted,0,2025-06-12
CAM00684,CUST0615,Campaign_3,Accepted,249,2025-11-28
CAM00685,CUST1193,Campaign_6,Rejected,249,2025-10-07
CAM00686,CUST1319,Campaign_7,Accepted,149,2025-12-07
CAM00687,CUST1395,Campaign_9,Accepted,199,2026-02-27
CAM00688,CUST0172,Campaign_10,Rejected,0,2025-09-06
CAM00689,CUST1186,Campaign_3,Accepted,0,2025-05-18
CAM00690,CUST1401,Campaign_1,Rejected,199,2026-04-12
CAM00691,CUST1588,Campaign_5,Rejected,149,2026-02-22
CAM00692,CUST1546,Campaign_2,Accepted,249,2025-09-24
CAM00693,CUST0559,Campaign_4,Rejected,249,2025-12-15
CAM00694,CUST0473,Campaign_7,Rejected,0,2025-11-13
CAM00695,CUST0106,Campaign_8,Rejected,149,2026-03-13
CAM00696,CUST1948,Campaign_8,Accepted,249,2026-01-29
CAM00697,CUST0657,Campaign_2,Accepted,149,2025-09-23
CAM00698,CUST1881,Campaign_9,Accepted,0,2025-05-04
CAM00699,CUST0892,Campaign_6,Accepted,149,2026-01-14
CAM00700,CUST0215,Campaign_1,Accepted,0,2025-10-11
CAM00701,CUST1348,Campaign_6,Rejected,199,2025-06-07
CAM00702,CUST1737,Campaign_5,Rejected,0,2026-03-22
CAM00703,CUST0955,Campaign_6,Rejected,249,2026-01-27
CAM00704,CUST0148,Campaign_4,Rejected,0,2026-03-23
CAM00705,CUST0066,Campaign_10,Accepted,249,2025-10-15
CAM00706,CUST1901,Campaign_1,Rejected,199,2025-06-07
CAM00707,CUST1751,Campaign_10,Rejected,249,2025-05-05
CAM00708,CUST1711,Campaign_1,Rejected,199,2026-03-14
CAM00709,CUST0342,Campaign_6,Accepted,0,2025-07-02
CAM00710,CUST0221,Campaign_4,Rejected,149,2025-09-14
CAM00711,CUST1035,Campaign_8,Accepted,0,2025-08-11
CAM00712,CUST0767,Campaign_9,Accepted,0,2026-03-19
CAM00713,CUST0303,Campaign_1,Accepted,199,2026-03-08
CAM00714,CUST1796,Campaign_9,Rejected,249,2026-04-06
CAM00715,CUST0409,Campaign_3,Rejected,149,2025-07-18
CAM00716,CUST1535,Campaign_3,Accepted,0,2025-12-03
CAM00717,CUST0786,Campaign_7,Accepted,0,2025-10-15
CAM00718,CUST1268,Campaign_4,Rejected,199,2025-07-27
CAM00719,CUST1039,Campaign_4,Rejected,249,2025-11-09
CAM00720,CUST1803,Campaign_7,Rejected,199,2025-07-28
CAM00721,CUST0903,Campaign_3,Accepted,199,2026-03-21
CAM00722,CUST1090,Campaign_9,Accepted,249,2025-06-23
CAM00723,CUST0606,Campaign_5,Rejected,149,2025-11-16
CAM00724,CUST0038,Campaign_5,Accepted,0,2025-10-13
CAM00725,CUST1816,Campaign_4,Rejected,0,2025-05-19
CAM00726,CUST0481,Campaign_2,Accepted,0,2025-10-26
CAM00727,CUST1239,Campaign_1,Rejected,249,2025-07-29
CAM00728,CUST0658,Campaign_9,Accepted,249,2025-04-30
CAM00729,CUST0846,Campaign_3,Accepted,199,2025-05-01
CAM00730,CUST1330,Campaign_4,Accepted,0,2026-02-11
CAM00731,CUST1829,Campaign_9,Rejected,249,2026-03-30
CAM00732,CUST0992,Campaign_6,Accepted,0,2025-09-03
CAM00733,CUST0094,Campaign_7,Accepted,0,2025-07-18
CAM00734,CUST1993,Campaign_10,Rejected,199,2026-02-06
CAM00735,CUST0081,Campaign_10,Rejected,149,2025-12-27
CAM00736,CUST0354,Campaign_2,Rejected,149,2026-04-10
CAM00737,CUST0596,Campaign_2,Rejected,0,2025-10-13
CAM00738,CUST1078,Campaign_2,Rejected,199,2025-07-09
CAM00739,CUST0441,Campaign_7,Rejected,249,2026-01-12
CAM00740,CUST0466,Campaign_4,Accepted,149,2025-10-08
CAM00741,CUST1634,Campaign_10,Accepted,149,2025-06-20
CAM00742,CUST1457,Campaign_7,Rejected,0,2025-12-17
CAM00743,CUST1485,Campaign_1,Accepted,199,2025-10-25
CAM00744,CUST0730,Campaign_8,Accepted,149,2026-01-14
CAM00745,CUST0709,Campaign_3,Rejected,149,2025-06-28
CAM00746,CUST1759,Campaign_4,Rejected,249,2026-03-06
CAM00747,CUST0387,Campaign_9,Rejected,199,2026-03-01
CAM00748,CUST1777,Campaign_1,Accepted,0,2025-12-21
CAM00749,CUST1288,Campaign_5,Accepted,0,2025-10-23
CAM00750,CUST0816,Campaign_9,Accepted,149,2025-09-28
CAM00751,CUST1495,Campaign_2,Rejected,249,2025-12-28
CAM00752,CUST0525,Campaign_1,Rejected,0,2026-01-01
CAM00753,CUST1661,Campaign_5,Accepted,249,2026-03-30
CAM00754,CUST1473,Campaign_7,Rejected,0,2025-05-22
CAM00755,CUST0373,Campaign_5,Accepted,0,2025-12-21
CAM00756,CUST0610,Campaign_1,Rejected,199,2025-07-20
CAM00757,CUST0080,Campaign_2,Rejected,0,2025-09-13
CAM00758,CUST0886,Campaign_10,Rejected,149,2025-05-31
CAM00759,CUST0664,Campaign_1,Accepted,149,2025-05-03
CAM00760,CUST1268,Campaign_3,Rejected,0,2025-08-03
CAM00761,CUST1038,Campaign_2,Accepted,249,2026-01-17
CAM00762,CUST1645,Campaign_3,Rejected,199,2025-09-01
CAM00763,CUST1223,Campaign_6,Accepted,249,2025-09-27
CAM00764,CUST0603,Campaign_5,Accepted,199,2025-10-16
CAM00765,CUST1897,Campaign_1,Rejected,0,2026-03-17
CAM00766,CUST0735,Campaign_7,Rejected,149,2026-01-08
CAM00767,CUST1417,Campaign_8,Accepted,149,2025-09-27
CAM00768,CUST0381,Campaign_2,Accepted,149,2026-02-04
CAM00769,CUST1815,Campaign_4,Rejected,149,2025-06-19
CAM00770,CUST0867,Campaign_9,Rejected,149,2025-05-11
CAM00771,CUST0286,Campaign_8,Rejected,149,2025-11-26
CAM00772,CUST1903,Campaign_6,Accepted,249,2025-06-26
CAM00773,CUST1427,Campaign_3,Accepted,149,2025-06-20
CAM00774,CUST1357,Campaign_7,Accepted,149,2025-08-24
CAM00775,CUST0929,Campaign_9,Accepted,249,2025-07-06
CAM00776,CUST0175,Campaign_2,Rejected,249,2025-09-10
CAM00777,CUST0549,Campaign_7,Rejected,0,2025-05-01
CAM00778,CUST0384,Campaign_6,Rejected,249,2025-08-13
CAM00779,CUST1570,Campaign_7,Accepted,149,2025-05-26
CAM00780,CUST1764,Campaign_4,Accepted,249,2025-06-15
CAM00781,CUST0414,Campaign_8,Rejected,249,2025-07-15
CAM00782,CUST0425,Campaign_4,Rejected,249,2025-06-08
CAM00783,CUST1813,Campaign_8,Accepted,199,2025-12-23
CAM00784,CUST1672,Campaign_7,Accepted,0,2026-02-15
CAM00785,CUST0746,Campaign_1,Accepted,0,2026-02-10
CAM00786,CUST0692,Campaign_1,Accepted,249,2025-07-04
CAM00787,CUST1854,Campaign_7,Accepted,0,2025-08-16
CAM00788,CUST1606,Campaign_8,Rejected,249,2025-10-30
CAM00789,CUST1146,Campaign_4,Rejected,0,2025-04-21
CAM00790,CUST0413,Campaign_8,Rejected,199,2026-04-07
CAM00791,CUST1096,Campaign_3,Rejected,249,2026-04-12
CAM00792,CUST0329,Campaign_3,Accepted,0,2026-03-17
CAM00793,CUST1956,Campaign_4,Rejected,0,2025-10-24
CAM00794,CUST1170,Campaign_10,Accepted,199,2025-05-03
CAM00795,CUST1767,Campaign_1,Rejected,149,2026-01-18
CAM00796,CUST0100,Campaign_5,Rejected,0,2025-10-16
CAM00797,CUST1421,Campaign_10,Rejected,199,2025-08-28
CAM00798,CUST0685,Campaign_5,Rejected,149,2025-09-17
CAM00799,CUST0423,Campaign_2,Accepted,199,2025-04-21
CAM00800,CUST1522,Campaign_9,Rejected,249,2025-06-22
CAM00801,CUST1637,Campaign_5,Rejected,249,2025-09-09
CAM00802,CUST1897,Campaign_5,Accepted,149,2025-08-30
CAM00803,CUST1499,Campaign_3,Rejected,199,2025-07-01
CAM00804,CUST0489,Campaign_4,Rejected,199,2026-03-01
CAM00805,CUST1318,Campaign_3,Rejected,199,2026-02-16
CAM00806,CUST1059,Campaign_9,Accepted,0,2025-12-22
CAM00807,CUST0238,Campaign_7,Rejected,249,2026-02-11
CAM00808,CUST0242,Campaign_2,Rejected,249,2026-04-17
CAM00809,CUST0247,Campaign_3,Accepted,149,2026-01-11
CAM00810,CUST0616,Campaign_2,Accepted,199,2025-05-25
CAM00811,CUST1087,Campaign_4,Rejected,149,2026-04-20
CAM00812,CUST1032,Campaign_8,Accepted,149,2025-11-26
CAM00813,CUST1982,Campaign_10,Rejected,0,2025-10-05
CAM00814,CUST0859,Campaign_2,Accepted,249,2025-04-30
CAM00815,CUST1945,Campaign_1,Accepted,0,2025-08-07
CAM00816,CUST1122,Campaign_4,Accepted,199,2026-03-29
CAM00817,CUST1738,Campaign_10,Rejected,249,2025-08-18
CAM00818,CUST1885,Campaign_5,Rejected,199,2026-04-02
CAM00819,CUST1529,Campaign_9,Accepted,149,2025-10-05
CAM00820,CUST0997,Campaign_2,Rejected,149,2025-06-29
CAM00821,CUST1096,Campaign_7,Rejected,0,2025-07-30
CAM00822,CUST0734,Campaign_7,Accepted,149,2025-11-23
CAM00823,CUST1708,Campaign_4,Rejected,199,2026-03-05
CAM00824,CUST1247,Campaign_2,Accepted,249,2025-08-29
CAM00825,CUST1839,Campaign_3,Accepted,149,2025-10-04
CAM00826,CUST0168,Campaign_10,Rejected,0,2026-03-17
CAM00827,CUST1191,Campaign_6,Accepted,149,2025-06-06
CAM00828,CUST0225,Campaign_3,Rejected,0,2025-05-20
CAM00829,CUST0387,Campaign_10,Accepted,0,2025-11-14
CAM00830,CUST0288,Campaign_8,Rejected,149,2025-11-12
CAM00831,CUST1905,Campaign_6,Accepted,149,2026-04-07
CAM00832,CUST0082,Campaign_9,Accepted,149,2025-08-08
CAM00833,CUST0177,Campaign_5,Accepted,0,2025-10-09
CAM00834,CUST1086,Campaign_6,Accepted,249,2025-05-08
CAM00835,CUST1704,Campaign_5,Accepted,0,2025-09-02
CAM00836,CUST0157,Campaign_4,Accepted,249,2026-02-04
CAM00837,CUST0555,Campaign_8,Rejected,0,2025-07-10
CAM00838,CUST1569,Campaign_2,Rejected,199,2026-04-06
CAM00839,CUST1247,Campaign_4,Rejected,249,2025-12-01
CAM00840,CUST1427,Campaign_4,Accepted,149,2025-09-03
CAM00841,CUST0945,Campaign_6,Rejected,0,2025-06-10
CAM00842,CUST1056,Campaign_5,Rejected,199,2025-07-16
CAM00843,CUST1653,Campaign_7,Rejected,199,2025-04-23
CAM00844,CUST1444,Campaign_3,Rejected,149,2025-09-10
CAM00845,CUST1539,Campaign_6,Rejected,0,2026-01-22
CAM00846,CUST1963,Campaign_1,Accepted,149,2025-12-08
CAM00847,CUST1582,Campaign_4,Accepted,149,2026-02-12
CAM00848,CUST1537,Campaign_8,Accepted,249,2025-08-30
CAM00849,CUST1882,Campaign_6,Accepted,249,2026-02-10
CAM00850,CUST1100,Campaign_9,Accepted,249,2025-05-14
CAM00851,CUST0530,Campaign_3,Accepted,249,2025-11-22
CAM00852,CUST0919,Campaign_4,Rejected,0,2025-05-08
CAM00853,CUST0213,Campaign_10,Accepted,149,2026-02-11
CAM00854,CUST0833,Campaign_8,Rejected,149,2025-08-12
CAM00855,CUST0540,Campaign_10,Accepted,199,2026-02-22
CAM00856,CUST1999,Campaign_1,Rejected,249,2026-01-26
CAM00857,CUST1699,Campaign_6,Rejected,249,2025-07-31
CAM00858,CUST1425,Campaign_7,Rejected,199,2025-08-30
CAM00859,CUST1800,Campaign_6,Accepted,249,2025-11-16
CAM00860,CUST1049,Campaign_1,Accepted,199,2026-02-15
CAM00861,CUST0673,Campaign_6,Accepted,149,2025-12-07
CAM00862,CUST0987,Campaign_1,Rejected,0,2025-11-26
CAM00863,CUST0118,Campaign_3,Accepted,249,2025-09-13
CAM00864,CUST0938,Campaign_1,Accepted,199,2026-02-09
CAM00865,CUST0780,Campaign_5,Accepted,249,2025-11-13
CAM00866,CUST1504,Campaign_9,Rejected,0,2025-07-14
CAM00867,CUST1263,Campaign_4,Accepted,149,2026-01-09
CAM00868,CUST0341,Campaign_9,Accepted,149,2025-11-24
CAM00869,CUST0136,Campaign_5,Rejected,199,2025-06-17
CAM00870,CUST1409,Campaign_8,Accepted,249,2025-06-08
CAM00871,CUST1370,Campaign_10,Accepted,249,2026-03-12
CAM00872,CUST1172,Campaign_6,Accepted,199,2025-08-19
CAM00873,CUST1600,Campaign_7,Rejected,149,2026-01-18
CAM00874,CUST0349,Campaign_6,Accepted,149,2025-10-02
CAM00875,CUST0824,Campaign_9,Accepted,199,2026-04-04
CAM00876,CUST0783,Campaign_2,Rejected,249,2025-07-13
CAM00877,CUST0514,Campaign_1,Accepted,249,2026-01-30
CAM00878,CUST0017,Campaign_8,Accepted,199,2025-06-04
CAM00879,CUST1662,Campaign_5,Accepted,249,2026-01-03
CAM00880,CUST1688,Campaign_8,Rejected,149,2025-10-10
CAM00881,CUST0702,Campaign_7,Rejected,199,2025-12-27
CAM00882,CUST1610,Campaign_4,Accepted,0,2025-07-03
CAM00883,CUST1202,Campaign_9,Accepted,249,2026-01-22
CAM00884,CUST1533,Campaign_8,Rejected,249,2025-07-20
CAM00885,CUST1458,Campaign_10,Accepted,0,2025-10-04
CAM00886,CUST0659,Campaign_9,Accepted,0,2025-11-21
CAM00887,CUST0482,Campaign_1,Accepted,249,2025-08-05
CAM00888,CUST1906,Campaign_7,Accepted,0,2025-08-15
CAM00889,CUST1494,Campaign_9,Accepted,149,2025-07-21
CAM00890,CUST1299,Campaign_8,Accepted,199,2025-06-04
CAM00891,CUST1278,Campaign_6,Accepted,0,2025-09-24
CAM00892,CUST0115,Campaign_4,Rejected,249,2025-06-02
CAM00893,CUST0145,Campaign_8,Accepted,199,2026-04-06
CAM00894,CUST0616,Campaign_2,Rejected,0,2025-12-04
CAM00895,CUST0175,Campaign_1,Rejected,199,2025-10-31
CAM00896,CUST1474,Campaign_1,Rejected,199,2026-02-01
CAM00897,CUST0971,Campaign_6,Accepted,149,2025-04-28
CAM00898,CUST0872,Campaign_9,Rejected,199,2025-12-26
CAM00899,CUST1740,Campaign_9,Rejected,0,2025-08-10
CAM00900,CUST0211,Campaign_2,Rejected,0,2026-01-30
CAM00901,CUST0644,Campaign_1,Rejected,149,2025-10-15
CAM00902,CUST1213,Campaign_10,Rejected,0,2026-04-01
CAM00903,CUST0506,Campaign_3,Accepted,199,2026-04-20
CAM00904,CUST0179,Campaign_1,Rejected,199,2025-10-13
CAM00905,CUST1349,Campaign_3,Accepted,199,2025-11-11
CAM00906,CUST1319,Campaign_3,Accepted,249,2026-02-08
CAM00907,CUST1663,Campaign_3,Rejected,199,2025-12-20
CAM00908,CUST1014,Campaign_10,Accepted,149,2026-03-27
CAM00909,CUST1779,Campaign_9,Accepted,0,2025-09-29
CAM00910,CUST0347,Campaign_7,Accepted,149,2025-08-06
CAM00911,CUST1481,Campaign_6,Rejected,149,2025-07-17
CAM00912,CUST1473,Campaign_10,Rejected,149,2026-02-19
CAM00913,CUST0426,Campaign_7,Rejected,149,2025-05-18
CAM00914,CUST0754,Campaign_3,Accepted,249,2025-07-25
CAM00915,CUST1152,Campaign_1,Rejected,149,2025-10-14
CAM00916,CUST1328,Campaign_1,Accepted,249,2026-01-09
CAM00917,CUST1283,Campaign_3,Rejected,0,2026-01-17
CAM00918,CUST0358,Campaign_1,Rejected,0,2025-10-10
CAM00919,CUST0420,Campaign_9,Accepted,199,2025-08-06
CAM00920,CUST0180,Campaign_1,Rejected,249,2025-10-21
CAM00921,CUST1813,Campaign_2,Accepted,149,2025-07-26
CAM00922,CUST0194,Campaign_6,Accepted,199,2026-02-04
CAM00923,CUST0946,Campaign_4,Rejected,149,2025-07-20
CAM00924,CUST1372,Campaign_5,Rejected,199,2025-06-03
CAM00925,CUST1013,Campaign_9,Rejected,149,2025-07-24
CAM00926,CUST1998,Campaign_6,Rejected,199,2026-04-01
CAM00927,CUST1062,Campaign_9,Accepted,199,2026-03-17
CAM00928,CUST1107,Campaign_8,Rejected,199,2025-08-24
CAM00929,CUST0189,Campaign_10,Rejected,0,2025-12-02
CAM00930,CUST1767,Campaign_10,Rejected,0,2025-07-28
CAM00931,CUST0412,Campaign_4,Accepted,199,2026-02-06
CAM00932,CUST1247,Campaign_8,Accepted,149,2025-11-10
CAM00933,CUST0859,Campaign_4,Accepted,149,2026-01-25
CAM00934,CUST0596,Campaign_9,Accepted,199,2025-10-27
CAM00935,CUST1939,Campaign_2,Accepted,0,2025-05-27
CAM00936,CUST0479,Campaign_10,Rejected,249,2026-02-05
CAM00937,CUST0461,Campaign_1,Accepted,199,2025-12-13
CAM00938,CUST0339,Campaign_5,Accepted,249,2026-03-04
CAM00939,CUST1710,Campaign_1,Accepted,0,2025-05-05
CAM00940,CUST1210,Campaign_6,Accepted,199,2025-10-09
CAM00941,CUST1711,Campaign_4,Accepted,249,2025-10-29
CAM00942,CUST1666,Campaign_2,Rejected,199,2025-07-22
CAM00943,CUST0905,Campaign_10,Rejected,149,2026-03-29
CAM00944,CUST1592,Campaign_8,Accepted,199,2025-07-02
CAM00945,CUST1786,Campaign_4,Rejected,199,2025-06-20
CAM00946,CUST1219,Campaign_9,Accepted,199,2025-07-16
CAM00947,CUST1636,Campaign_9,Accepted,199,2025-05-14
CAM00948,CUST0621,Campaign_3,Rejected,149,2025-12-26
CAM00949,CUST1205,Campaign_7,Rejected,249,2025-11-30
CAM00950,CUST1819,Campaign_8,Accepted,249,2025-10-21
CAM00951,CUST1208,Campaign_5,Rejected,199,2025-08-09
CAM00952,CUST0219,Campaign_10,Rejected,249,2025-08-22
CAM00953,CUST1000,Campaign_3,Accepted,0,2025-06-18
CAM00954,CUST1079,Campaign_6,Rejected,0,2026-04-13
CAM00955,CUST1163,Campaign_2,Accepted,249,2025-10-19
CAM00956,CUST0215,Campaign_7,Accepted,199,2025-10-21
CAM00957,CUST1007,Campaign_1,Accepted,199,2025-11-11
CAM00958,CUST1700,Campaign_5,Accepted,199,2025-08-10
CAM00959,CUST1731,Campaign_9,Rejected,249,2025-05-09
CAM00960,CUST1837,Campaign_10,Accepted,0,2026-01-23
CAM00961,CUST1519,Campaign_1,Accepted,199,2025-11-18
CAM00962,CUST0143,Campaign_6,Accepted,0,2025-05-19
CAM00963,CUST1514,Campaign_4,Rejected,0,2025-12-08
CAM00964,CUST1492,Campaign_1,Rejected,149,2025-09-18
CAM00965,CUST0449,Campaign_7,Rejected,149,2026-04-05
CAM00966,CUST0299,Campaign_1,Rejected,0,2026-03-02
CAM00967,CUST0571,Campaign_6,Rejected,249,2026-01-31
CAM00968,CUST0434,Campaign_2,Accepted,149,2026-01-14
CAM00969,CUST1236,Campaign_9,Rejected,0,2025-10-18
CAM00970,CUST0613,Campaign_10,Accepted,0,2026-03-04
CAM00971,CUST1730,Campaign_8,Accepted,249,2025-04-28
CAM00972,CUST1140,Campaign_8,Accepted,249,2025-08-09
CAM00973,CUST0964,Campaign_5,Accepted,249,2025-05-01
CAM00974,CUST0787,Campaign_10,Accepted,0,2025-11-01
CAM00975,CUST1652,Campaign_4,Accepted,0,2025-06-01
CAM00976,CUST1415,Campaign_5,Accepted,249,2025-06-21
CAM00977,CUST1478,Campaign_6,Accepted,249,2025-05-15
CAM00978,CUST1403,Campaign_9,Accepted,0,2026-04-13
CAM00979,CUST1509,Campaign_6,Rejected,249,2025-12-16
CAM00980,CUST0343,Campaign_1,Accepted,249,2026-01-03
CAM00981,CUST1932,Campaign_6,Rejected,0,2026-01-08
CAM00982,CUST1947,Campaign_4,Rejected,0,2025-11-11
CAM00983,CUST1703,Campaign_10,Accepted,0,2026-01-07
CAM00984,CUST1230,Campaign_3,Accepted,0,2025-07-18
CAM00985,CUST1764,Campaign_4,Accepted,249,2025-04-30
CAM00986,CUST0034,Campaign_1,Accepted,149,2025-10-07
CAM00987,CUST0645,Campaign_5,Accepted,149,2025-05-06
CAM00988,CUST0659,Campaign_10,Rejected,199,2025-12-08
CAM00989,CUST0652,Campaign_6,Accepted,0,2026-03-02
CAM00990,CUST0148,Campaign_8,Accepted,149,2025-05-22
CAM00991,CUST1899,Campaign_6,Rejected,199,2025-12-11
CAM00992,CUST1915,Campaign_10,Accepted,0,2025-12-16
CAM00993,CUST1706,Campaign_1,Accepted,249,2025-04-28
CAM00994,CUST1040,Campaign_2,Rejected,0,2026-04-02
CAM00995,CUST1516,Campaign_4,Accepted,249,2025-06-08
CAM00996,CUST1347,Campaign_5,Rejected,149,2025-10-14
CAM00997,CUST1028,Campaign_3,Accepted,149,2026-01-02
CAM00998,CUST0433,Campaign_4,Accepted,199,2025-06-30
CAM00999,CUST0071,Campaign_7,Accepted,149,2025-10-02
CAM01000,CUST1684,Campaign_4,Accepted,199,2025-06-13
